1704,3,19,25007,773,sklmt,773,42.96085,-78.906319,1596214060,2020-07-31 12:47:40
1704,3,19,25007,773,sklmt,773,42.962528,-78.904083,1596214084,2020-07-31 12:48:04
1704,3,19,25007,773,sklmt,773,42.962639,-78.900475,1596214202,2020-07-31 12:50:02
1704,3,19,25007,773,sklmt,773,42.960739,-78.897903,1596214262,2020-07-31 12:51:02
1704,3,19,25007,773,sklmt,773,42.958786,-78.894409,1596214321,2020-07-31 12:52:01
1704,3,19,25007,773,sklmt,773,42.956726,-78.890236,1596214381,2020-07-31 12:53:01
1704,3,19,25007,790,frgrt,790,42.955406,-78.889832,1596214439,2020-07-31 12:53:59
1704,3,19,25007,790,frgrt,790,42.949989,-78.890724,1596214499,2020-07-31 12:54:59
1704,3,19,25007,790,frgrt,790,42.947319,-78.89109,1596214558,2020-07-31 12:55:58
1704,3,19,25007,790,frgrt,790,42.946136,-78.891319,1596214616,2020-07-31 12:56:56
1704,3,19,25007,789,frgrt,790,42.941711,-78.891953,1596214675,2020-07-31 12:57:55
1704,3,19,25007,790,frgrt,790,42.940994,-78.8918,1596214734,2020-07-31 12:58:54
1704,3,19,25007,790,frgrt,790,42.939125,-78.890533,1596214793,2020-07-31 12:59:53
1704,3,19,25007,790,frgrt,790,42.938766,-78.890312,1596214852,2020-07-31 13:00:52
1704,3,19,25007,791,frgrt,790,42.937916,-78.889755,1596214911,2020-07-31 13:01:51
1704,3,19,25007,789,frgrt,790,42.927986,-78.88942,1596215030,2020-07-31 13:03:50
1704,3,19,25007,790,frgrt,790,42.926037,-78.889717,1596215089,2020-07-31 13:04:49
1704,3,19,25007,790,frgrt,790,42.922157,-78.890198,1596215209,2020-07-31 13:06:49
1704,3,19,25007,790,frgrt,790,42.918831,-78.89061,1596215269,2020-07-31 13:07:49
1704,3,19,25007,790,frgrt,790,42.915642,-78.890495,1596215388,2020-07-31 13:09:48
1704,3,19,25007,801,trcem,801,42.914238,-78.890388,1596215448,2020-07-31 13:10:48
1704,3,19,25007,801,trcem,801,42.912285,-78.893517,1596215506,2020-07-31 13:11:46
1704,3,19,25007,801,trcem,801,42.91058,-78.892471,1596215565,2020-07-31 13:12:45
1704,3,19,25007,801,trcem,801,42.907639,-78.889717,1596215625,2020-07-31 13:13:45
1704,3,19,25007,801,trcem,801,42.905933,-78.888115,1596215684,2020-07-31 13:14:44
1704,3,19,25007,801,trcem,801,42.904778,-78.887001,1596215744,2020-07-31 13:15:44
1704,3,19,25007,801,trcem,801,42.903156,-78.888527,1596215803,2020-07-31 13:16:43
1704,3,19,25007,802,trcem,801,42.902744,-78.888374,1596215861,2020-07-31 13:17:41
1704,3,19,25007,801,trcem,801,42.899139,-78.884987,1596215919,2020-07-31 13:18:39
1704,3,19,25007,801,trcem,801,42.896885,-78.882904,1596215978,2020-07-31 13:19:38
1704,3,19,25007,801,trcem,801,42.893887,-78.880112,1596216037,2020-07-31 13:20:37
1704,3,19,25007,801,trcem,801,42.893337,-78.877846,1596216097,2020-07-31 13:21:37
1704,3,19,25007,810,ellop,810,42.892155,-78.878029,1596216116,2020-07-31 13:21:56
1704,3,19,25007,810,ellop,810,42.889324,-78.87751,1596216215,2020-07-31 13:23:35
1704,3,19,25007,810,ellop,810,42.888248,-78.874825,1596216274,2020-07-31 13:24:34
1704,3,19,25007,809,ellop,810,42.883163,-78.876053,1596216392,2020-07-31 13:26:32
1704,3,19,25007,818,ellop,820,42.882336,-78.873001,1596216472,2020-07-31 13:27:52
1704,3,19,25007,820,ellop,820,42.882584,-78.872299,1596216569,2020-07-31 13:29:29
1704,3,19,25007,820,ellop,820,42.882614,-78.872261,1596216772,2020-07-31 13:32:52
1704,3,19,25007,820,ellop,820,42.882584,-78.872261,1596216803,2020-07-31 13:33:23
1704,3,19,25007,820,ellop,820,42.882584,-78.872299,1596216919,2020-07-31 13:35:19
1704,3,19,25007,820,ellop,820,42.882614,-78.872299,1596216978,2020-07-31 13:36:18
1704,3,19,25007,820,ellop,820,42.882614,-78.872261,1596217097,2020-07-31 13:38:17
1704,3,19,25007,820,ellop,820,42.882584,-78.872261,1596217155,2020-07-31 13:39:15
1704,3,19,25007,820,ellop,820,42.882614,-78.872261,1596217213,2020-07-31 13:40:13
1704,3,19,25007,821,ellop,820,42.882584,-78.872299,1596217271,2020-07-31 13:41:11
1704,3,19,25007,822,ellop,820,42.882858,-78.87204,1596217329,2020-07-31 13:42:09
1704,5,20,25007,1001,ngvrg,1000,42.88319,-78.873672,1596227474,2020-07-31 16:31:14
1704,5,20,25007,1000,ngvrg,1000,42.883575,-78.877281,1596227559,2020-07-31 16:32:39
1704,5,20,25007,1000,ngvrg,1000,42.885777,-78.87751,1596227618,2020-07-31 16:33:38
1704,5,20,25007,1000,ngvrg,1000,42.887066,-78.878738,1596227677,2020-07-31 16:34:37
1704,5,20,25007,999,ngvrg,1000,42.890064,-78.881599,1596227737,2020-07-31 16:35:37
1704,5,20,25007,998,ngvrg,1000,42.891769,-78.883125,1596227796,2020-07-31 16:36:36
1704,5,20,25007,998,ngvrg,1000,42.8932,-78.884468,1596227855,2020-07-31 16:37:35
1704,5,20,25007,1009,ngfry,1010,42.894356,-78.88562,1596227915,2020-07-31 16:38:35
1704,5,20,25007,1008,ngfry,1010,42.897297,-78.888412,1596227973,2020-07-31 16:39:33
1704,5,20,25007,1008,ngfry,1010,42.899635,-78.890533,1596228032,2020-07-31 16:40:32
1704,5,20,25007,1008,ngfry,1010,42.901615,-78.892395,1596228091,2020-07-31 16:41:31
1704,5,20,25007,1008,ngfry,1010,42.903484,-78.89418,1596228151,2020-07-31 16:42:31
1704,5,20,25007,1008,ngfry,1010,42.906319,-78.896904,1596228210,2020-07-31 16:43:30
1704,5,20,25007,1007,ngfry,1010,42.909096,-78.899467,1596228269,2020-07-31 16:44:29
1704,5,20,25007,1019,brrtc,1022,42.915642,-78.899323,1596228387,2020-07-31 16:46:27
1704,5,20,25007,1020,brrtc,1022,42.915642,-78.899323,1596228444,2020-07-31 16:47:24
1704,5,20,25007,1021,brrtc,1022,42.917374,-78.899132,1596228561,2020-07-31 16:49:21
1704,5,20,25007,1020,brrtc,1022,42.92136,-78.89843,1596228620,2020-07-31 16:50:20
1704,5,20,25007,1020,brrtc,1022,42.927711,-78.897568,1596228738,2020-07-31 16:52:18
1704,5,20,25007,1020,brrtc,1022,42.929169,-78.897423,1596228797,2020-07-31 16:53:17
1704,5,20,25007,1020,brrtc,1022,42.932552,-78.901184,1596228856,2020-07-31 16:54:16
1704,5,20,25007,1019,brrtc,1022,42.936073,-78.902969,1596228915,2020-07-31 16:55:15
1704,5,20,25007,1019,brrtc,1022,42.938274,-78.904083,1596228974,2020-07-31 16:56:14
1704,5,20,25007,1020,brrtc,1022,42.940498,-78.905273,1596229033,2020-07-31 16:57:13
1704,5,20,25007,1020,brrtc,1022,42.942287,-78.906204,1596229091,2020-07-31 16:58:11
1704,5,20,25007,1020,brrtc,1022,42.944489,-78.907249,1596229151,2020-07-31 16:59:11
1704,5,20,25007,1022,brrtc,1022,42.94545,-78.907471,1596229271,2020-07-31 17:01:11
1704,5,20,25007,1036,kenml,1036,42.947899,-78.90818,1596229330,2020-07-31 17:02:10
1704,5,20,25007,1035,kenml,1036,42.954746,-78.910187,1596229390,2020-07-31 17:03:10
1704,5,20,25007,1034,kenml,1036,42.958622,-78.909294,1596229450,2020-07-31 17:04:10
1704,5,20,25007,1034,kenml,1036,42.953781,-78.905983,1596229569,2020-07-31 17:06:09
1704,5,20,25007,1034,kenml,1036,42.949821,-78.903938,1596229629,2020-07-31 17:07:09
1704,5,20,25007,1035,kenml,1036,42.952461,-78.901184,1596229748,2020-07-31 17:09:08
1704,5,20,25007,1035,kenml,1036,42.959061,-78.895042,1596229926,2020-07-31 17:12:06
1704,5,20,25007,1036,kenml,1036,42.960522,-78.89415,1596229983,2020-07-31 17:13:03
1704,5,20,25007,1035,kenml,1036,42.960903,-78.889343,1596230041,2020-07-31 17:14:01
1704,5,20,25007,1041,dlwkn,1041,42.958542,-78.886665,1596230130,2020-07-31 17:15:30
1704,5,20,25007,1040,dlwkn,1041,42.958542,-78.88369,1596230155,2020-07-31 17:15:55
1704,5,20,25007,1040,dlwkn,1041,42.958569,-78.879295,1596230211,2020-07-31 17:16:51
1704,5,20,25007,1040,dlwkn,1041,42.958595,-78.87632,1596230268,2020-07-31 17:17:48
1704,5,20,25007,1039,dlwkn,1041,42.958649,-78.870285,1596230325,2020-07-31 17:18:45
1704,5,20,25007,1053,socam,1054,42.958649,-78.867088,1596230383,2020-07-31 17:19:43
1704,5,20,25007,1052,socam,1054,42.958622,-78.86113,1596230442,2020-07-31 17:20:42
1704,5,20,25007,1053,socam,1054,42.958622,-78.859787,1596230501,2020-07-31 17:21:41
1704,5,20,25007,1054,socam,1054,42.958595,-78.858894,1596230560,2020-07-31 17:22:40
1704,5,20,25007,1054,socam,1054,42.958569,-78.854431,1596230620,2020-07-31 17:23:40
1704,5,20,25007,1053,socam,1054,42.958485,-78.847656,1596230679,2020-07-31 17:24:39
1704,5,20,25007,1052,socam,1054,42.958263,-78.833771,1596230797,2020-07-31 17:26:37
1704,5,20,25007,1052,socam,1054,42.958183,-78.829376,1596230856,2020-07-31 17:27:36
1704,5,20,25007,1051,socam,1054,42.958046,-78.822639,1596230915,2020-07-31 17:28:35
1704,5,20,25007,1051,socam,1054,42.957329,-78.819069,1596230974,2020-07-31 17:29:34
1704,5,20,25007,1052,socam,1055,42.954609,-78.820854,1596231013,2020-07-31 17:30:13
1704,5,20,25007,1053,socam,1055,42.954609,-78.820778,1596231092,2020-07-31 17:31:32
1704,5,20,25007,1053,socam,1055,42.956669,-78.819702,1596231151,2020-07-31 17:32:31
1704,5,20,25007,1053,socam,1055,42.958157,-78.824165,1596231268,2020-07-31 17:34:28
1704,5,20,25007,1053,socam,1055,42.958263,-78.829643,1596231327,2020-07-31 17:35:27
1704,5,20,25007,1053,socam,1055,42.958485,-78.841179,1596231445,2020-07-31 17:37:25
1704,5,20,25007,1053,socam,1055,42.958622,-78.851677,1596231503,2020-07-31 17:38:23
1704,5,20,25007,1053,socam,1055,42.958679,-78.862656,1596231562,2020-07-31 17:39:22
1704,5,20,25007,1053,socam,1055,42.958706,-78.870399,1596231620,2020-07-31 17:40:20
1704,5,20,25007,1053,socam,1055,42.958679,-78.877769,1596231679,2020-07-31 17:41:19
1704,25,19,25007,926,mnngr,926,43.05006,-78.877434,1596222815,2020-07-31 15:13:35
1704,25,19,25007,927,mnngr,926,43.049343,-78.877357,1596222889,2020-07-31 15:14:49
1704,25,19,25007,926,mnngr,926,43.044754,-78.87542,1596222947,2020-07-31 15:15:47
1704,25,19,25007,926,mnngr,926,43.039803,-78.873634,1596223006,2020-07-31 15:16:46
1704,25,19,25007,926,mnngr,926,43.037079,-78.872597,1596223065,2020-07-31 15:17:45
1704,25,19,25007,926,mnngr,926,43.03389,-78.871292,1596223124,2020-07-31 15:18:44
1704,25,19,25007,926,mnngr,926,43.030453,-78.869911,1596223183,2020-07-31 15:19:43
1704,25,19,25007,927,mnngr,926,43.028969,-78.875015,1596223301,2020-07-31 15:21:41
1704,25,19,25007,9999,mnngr,926,43.028061,-78.879517,1596223360,2020-07-31 15:22:40
1704,25,19,25007,925,mnngr,926,43.022148,-78.879967,1596223419,2020-07-31 15:23:39
1704,25,19,25007,926,mnngr,926,43.021294,-78.880226,1596223478,2020-07-31 15:24:38
1704,25,19,25007,926,mnngr,926,43.021187,-78.880264,1596223537,2020-07-31 15:25:37
1704,25,19,25007,927,mnngr,926,43.020691,-78.879074,1596223655,2020-07-31 15:27:35
1704,25,19,25007,937,orch,935,43.018986,-78.878479,1596223715,2020-07-31 15:28:35
1704,25,19,25007,937,orch,935,43.016319,-78.873825,1596223835,2020-07-31 15:30:35
1704,25,19,25007,936,orch,935,43.010376,-78.872818,1596223894,2020-07-31 15:31:34
1704,25,19,25007,936,orch,935,43.004711,-78.874565,1596223954,2020-07-31 15:32:34
1704,25,19,25007,936,orch,935,42.998772,-78.875053,1596224014,2020-07-31 15:33:34
1704,25,19,25007,935,orch,935,42.993217,-78.874306,1596224074,2020-07-31 15:34:34
1704,25,19,25007,946,dlwkn,946,42.986618,-78.873268,1596224133,2020-07-31 15:35:33
1704,25,19,25007,946,dlwkn,946,42.982796,-78.872742,1596224193,2020-07-31 15:36:33
1704,25,19,25007,946,dlwkn,946,42.981228,-78.872559,1596224253,2020-07-31 15:37:33
1704,25,19,25007,946,dlwkn,946,42.981144,-78.87252,1596224312,2020-07-31 15:38:32
1704,25,19,25007,946,dlwkn,946,42.974957,-78.871666,1596224371,2020-07-31 15:39:31
1704,25,19,25007,946,dlwkn,946,42.972565,-78.87133,1596224430,2020-07-31 15:40:30
1704,25,19,25007,946,dlwkn,946,42.966129,-78.870506,1596224547,2020-07-31 15:42:27
1704,25,19,25007,946,dlwkn,946,42.963684,-78.870209,1596224605,2020-07-31 15:43:25
1704,25,19,25007,945,dlwkn,946,42.960327,-78.869843,1596224664,2020-07-31 15:44:24
1704,25,19,25007,946,dlwkn,946,42.95887,-78.869766,1596224723,2020-07-31 15:45:23
1704,25,19,25007,961,dlwdv,961,42.957714,-78.869652,1596224759,2020-07-31 15:45:59
1704,25,19,25007,961,dlwdv,961,42.955212,-78.869316,1596224842,2020-07-31 15:47:22
1704,25,19,25007,961,dlwdv,961,42.951939,-78.869019,1596224901,2020-07-31 15:48:21
1704,25,19,25007,961,dlwdv,961,42.94754,-78.868614,1596225020,2020-07-31 15:50:20
1704,25,19,25007,961,dlwdv,961,42.944901,-78.868279,1596225080,2020-07-31 15:51:20
1704,25,19,25007,961,dlwdv,961,42.942097,-78.867981,1596225199,2020-07-31 15:53:19
1704,25,19,25007,961,dlwdv,961,42.938244,-78.867493,1596225259,2020-07-31 15:54:19
1704,25,19,25007,959,dlwdv,961,42.930241,-78.865822,1596225319,2020-07-31 15:55:19
1704,25,19,25007,958,dlwdv,961,42.925045,-78.867607,1596225378,2020-07-31 15:56:18
1704,25,19,25007,958,dlwdv,961,42.922707,-78.867493,1596225438,2020-07-31 15:57:18
1704,25,19,25007,959,dlwdv,961,42.922459,-78.867455,1596225497,2020-07-31 15:58:17
1704,25,19,25007,968,dlwnr,969,42.921471,-78.867645,1596225555,2020-07-31 15:59:15
1704,25,19,25007,967,dlwnr,969,42.918884,-78.868317,1596225615,2020-07-31 16:00:15
1704,25,19,25007,967,dlwnr,969,42.916492,-78.86895,1596225673,2020-07-31 16:01:13
1704,25,19,25007,967,dlwnr,969,42.913906,-78.869652,1596225732,2020-07-31 16:02:12
1704,25,19,25007,967,dlwnr,969,42.907089,-78.871666,1596225850,2020-07-31 16:04:10
1704,25,19,25007,966,dlwnr,969,42.902138,-78.873192,1596225908,2020-07-31 16:05:08
1704,25,19,25007,979,ellop,980,42.900322,-78.873749,1596226034,2020-07-31 16:07:14
1704,25,19,25007,977,ellop,980,42.896637,-78.874939,1596226085,2020-07-31 16:08:05
1704,25,19,25007,975,ellop,980,42.887974,-78.877769,1596226203,2020-07-31 16:10:03
1704,25,19,25007,975,ellop,980,42.886162,-78.87751,1596226262,2020-07-31 16:11:02
1704,25,19,25007,975,ellop,980,42.885777,-78.875648,1596226322,2020-07-31 16:12:02
1704,25,19,25007,975,ellop,980,42.88308,-78.875793,1596226382,2020-07-31 16:13:02
1704,25,19,25007,975,ellop,980,42.882641,-78.874641,1596226441,2020-07-31 16:14:01
1704,25,19,25007,985,ellop,990,42.882557,-78.872108,1596226499,2020-07-31 16:14:59
1704,25,19,25007,986,ellop,990,42.882557,-78.872147,1596226558,2020-07-31 16:15:58
1704,25,19,25007,987,ellop,990,42.882557,-78.872147,1596226617,2020-07-31 16:16:57
1704,25,19,25007,988,ellop,990,42.882584,-78.872147,1596226675,2020-07-31 16:17:55
1704,25,19,25007,989,ellop,990,42.882557,-78.872147,1596226734,2020-07-31 16:18:54
1704,25,19,25007,990,ellop,990,42.882557,-78.872147,1596226773,2020-07-31 16:19:33
1704,25,19,25007,990,ellop,990,42.882584,-78.872147,1596226851,2020-07-31 16:20:51
1704,25,19,25007,990,ellop,990,42.882557,-78.872108,1596226910,2020-07-31 16:21:50
1704,25,19,25007,990,ellop,990,42.882557,-78.872147,1596227086,2020-07-31 16:24:46
1704,25,19,25007,990,ellop,990,42.882557,-78.872108,1596227262,2020-07-31 16:27:42
1704,25,19,25007,990,ellop,990,42.882557,-78.872147,1596227322,2020-07-31 16:28:42
1704,25,20,25007,835,dlwnr,833,42.883137,-78.873299,1596217348,2020-07-31 13:42:28
1704,25,20,25007,835,dlwnr,833,42.883492,-78.876801,1596217446,2020-07-31 13:44:06
1704,25,20,25007,835,dlwnr,833,42.886574,-78.877251,1596217563,2020-07-31 13:46:03
1704,25,20,25007,835,dlwnr,833,42.887756,-78.877655,1596217621,2020-07-31 13:47:01
1704,25,20,25007,834,dlwnr,833,42.892429,-78.876129,1596217738,2020-07-31 13:48:58
1704,25,20,25007,834,dlwnr,833,42.89452,-78.875496,1596217796,2020-07-31 13:49:56
1704,25,20,25007,833,dlwnr,833,42.899303,-78.873894,1596217914,2020-07-31 13:51:54
1704,25,20,25007,833,dlwnr,833,42.902138,-78.873001,1596217973,2020-07-31 13:52:53
1704,25,20,25007,841,dlwdv,841,42.904556,-78.872299,1596218032,2020-07-31 13:53:52
1704,25,20,25007,841,dlwdv,841,42.905739,-78.871964,1596218091,2020-07-31 13:54:51
1704,25,20,25007,841,dlwdv,841,42.908764,-78.871033,1596218150,2020-07-31 13:55:50
1704,25,20,25007,841,dlwdv,841,42.911572,-78.870209,1596218209,2020-07-31 13:56:49
1704,25,20,25007,841,dlwdv,841,42.913082,-78.869804,1596218268,2020-07-31 13:57:48
1704,25,20,25007,855,dlwkn,855,42.923588,-78.867348,1596218428,2020-07-31 14:00:28
1704,25,20,25007,854,dlwkn,855,42.925621,-78.867493,1596218446,2020-07-31 14:00:46
1704,25,20,25007,854,dlwkn,855,42.928539,-78.866264,1596218505,2020-07-31 14:01:45
1704,25,20,25007,852,dlwkn,855,42.934834,-78.86586,1596218565,2020-07-31 14:02:45
1704,25,20,25007,851,dlwkn,855,42.939869,-78.867531,1596218624,2020-07-31 14:03:44
1704,25,20,25007,852,dlwkn,855,42.942673,-78.867867,1596218743,2020-07-31 14:05:43
1704,25,20,25007,853,dlwkn,855,42.944515,-78.86805,1596218803,2020-07-31 14:06:43
1704,25,20,25007,853,dlwkn,855,42.948944,-78.868576,1596218920,2020-07-31 14:08:40
1704,25,20,25007,852,dlwkn,855,42.953121,-78.86898,1596218979,2020-07-31 14:09:39
1704,25,20,25007,853,dlwkn,855,42.956642,-78.869316,1596219097,2020-07-31 14:11:37
1704,25,20,25007,853,dlwkn,855,42.958569,-78.869507,1596219157,2020-07-31 14:12:37
1704,25,20,25007,865,orch,866,42.9603,-78.869728,1596219216,2020-07-31 14:13:36
1704,25,20,25007,864,orch,866,42.964176,-78.870178,1596219275,2020-07-31 14:14:35
1704,25,20,25007,864,orch,866,42.968193,-78.870621,1596219334,2020-07-31 14:15:34
1704,25,20,25007,863,orch,866,42.971519,-78.871071,1596219392,2020-07-31 14:16:32
1704,25,20,25007,863,orch,866,42.976002,-78.871666,1596219450,2020-07-31 14:17:30
1704,25,20,25007,862,orch,866,42.979301,-78.872108,1596219509,2020-07-31 14:18:29
1704,25,20,25007,863,orch,866,42.980099,-78.872185,1596219568,2020-07-31 14:19:28
1704,25,20,25007,864,orch,866,42.981144,-78.872337,1596219629,2020-07-31 14:20:29
1704,25,20,25007,864,orch,866,42.982601,-78.87252,1596219689,2020-07-31 14:21:29
1704,25,20,25007,863,orch,866,42.987057,-78.873116,1596219749,2020-07-31 14:22:29
1704,25,20,25007,864,orch,866,42.987057,-78.873116,1596219809,2020-07-31 14:23:29
1704,25,20,25007,876,mnngr,877,42.98978,-78.873528,1596219857,2020-07-31 14:24:17
1704,25,20,25007,876,mnngr,877,42.99308,-78.874084,1596219929,2020-07-31 14:25:29
1704,25,20,25007,874,mnngr,877,43.001247,-78.87516,1596219988,2020-07-31 14:26:28
1704,25,20,25007,873,mnngr,877,43.012138,-78.872185,1596220109,2020-07-31 14:28:29
1704,25,20,25007,872,mnngr,877,43.018738,-78.874756,1596220169,2020-07-31 14:29:29
1704,25,20,25007,872,mnngr,877,43.020248,-78.880409,1596220289,2020-07-31 14:31:29
1704,25,20,25007,873,mnngr,877,43.020554,-78.879555,1596220348,2020-07-31 14:32:28
1704,25,20,25007,874,mnngr,877,43.020554,-78.879517,1596220409,2020-07-31 14:33:29
1704,25,20,25007,875,mnngr,877,43.020554,-78.879517,1596220468,2020-07-31 14:34:28
1704,25,20,25007,876,mnngr,877,43.02058,-78.878326,1596220527,2020-07-31 14:35:27
1704,25,20,25007,9999,mdcty,889,43.018436,-78.879738,1596220587,2020-07-31 14:36:27
1704,25,20,25007,9999,mdcty,889,43.019756,-78.880333,1596220665,2020-07-31 14:37:45
1704,25,20,25007,9999,mdcty,889,43.020359,-78.880371,1596220704,2020-07-31 14:38:24
1704,25,20,25007,9999,mdcty,889,43.024624,-78.87944,1596220763,2020-07-31 14:39:23
1704,25,20,25007,9999,mdcty,889,43.028278,-78.878105,1596220822,2020-07-31 14:40:22
1704,25,20,25007,9999,mdcty,889,43.029354,-78.872963,1596220881,2020-07-31 14:41:21
1704,25,20,25007,9999,mdcty,889,43.031582,-78.870285,1596220940,2020-07-31 14:42:20
1704,25,20,25007,9999,mdcty,889,43.035542,-78.871887,1596220999,2020-07-31 14:43:19
1704,25,20,25007,9999,mdcty,889,43.047421,-78.87632,1596221118,2020-07-31 14:45:18
1704,25,20,25007,9999,mdcty,889,43.050583,-78.877846,1596221176,2020-07-31 14:46:16
1704,25,20,25007,9999,mdcty,889,43.050667,-78.876167,1596221294,2020-07-31 14:48:14
1704,25,20,25007,868,mdcty,889,43.050667,-78.876167,1596221471,2020-07-31 14:51:11
1704,25,20,25007,869,mdcty,889,43.050694,-78.876167,1596221530,2020-07-31 14:52:10
1704,25,20,25007,869,mdcty,889,43.050667,-78.876167,1596221590,2020-07-31 14:53:10
1704,25,20,25007,871,mdcty,889,43.050694,-78.876167,1596221681,2020-07-31 14:54:41
1704,25,20,25007,872,mdcty,889,43.050667,-78.876167,1596221767,2020-07-31 14:56:07
1704,25,20,25007,873,mdcty,889,43.050694,-78.876167,1596221825,2020-07-31 14:57:05
1704,25,20,25007,874,mdcty,889,43.050667,-78.876167,1596221884,2020-07-31 14:58:04
1704,25,20,25007,875,mdcty,889,43.050667,-78.876167,1596221943,2020-07-31 14:59:03
1704,25,20,25007,876,mdcty,889,43.050667,-78.876167,1596222002,2020-07-31 15:00:02
1704,25,20,25007,877,mdcty,889,43.050667,-78.876167,1596222061,2020-07-31 15:01:01
1704,25,20,25007,878,mdcty,889,43.050667,-78.876129,1596222121,2020-07-31 15:02:01
1704,25,20,25007,879,mdcty,889,43.050667,-78.876167,1596222180,2020-07-31 15:03:00
1704,25,20,25007,9999,mdcty,889,43.050667,-78.876167,1596222299,2020-07-31 15:04:59
1704,25,20,25007,9999,mdcty,889,43.050667,-78.876129,1596222357,2020-07-31 15:05:57
1704,25,20,25007,9999,mdcty,889,43.050667,-78.876167,1596222475,2020-07-31 15:07:55
1704,25,20,25007,9999,mdcty,889,43.050667,-78.876167,1596222535,2020-07-31 15:08:55
1704,25,20,25007,9999,mdcty,889,43.050667,-78.876167,1596222653,2020-07-31 15:10:53
1704,25,20,25007,9999,mdcty,889,43.050667,-78.876167,1596222712,2020-07-31 15:11:52
1704,40,19,55035,620,casno,619,43.097633,-79.050514,1596204807,2020-07-31 10:13:27
1704,40,19,55035,620,casno,619,43.095379,-79.049141,1596204866,2020-07-31 10:14:26
1704,40,19,55035,620,casno,619,43.094719,-79.050331,1596204925,2020-07-31 10:15:25
1704,40,19,55035,620,casno,619,43.094528,-79.054985,1596204985,2020-07-31 10:16:25
1704,40,19,55035,619,casno,619,43.092079,-79.059044,1596205044,2020-07-31 10:17:24
1704,40,19,55035,619,casno,619,43.088779,-79.059303,1596205104,2020-07-31 10:18:24
1704,40,19,55035,621,falls,621,43.084354,-79.059006,1596205165,2020-07-31 10:19:25
1704,40,19,55035,636,giplz,636,43.083721,-79.059265,1596205248,2020-07-31 10:20:48
1704,40,19,55035,636,giplz,636,43.0835,-79.056511,1596205282,2020-07-31 10:21:22
1704,40,19,55035,637,giplz,636,43.082592,-79.051857,1596205399,2020-07-31 10:23:19
1704,40,19,55035,636,giplz,636,43.077644,-79.013626,1596205577,2020-07-31 10:26:17
1704,40,19,55035,636,giplz,636,43.07415,-78.997215,1596205636,2020-07-31 10:27:16
1704,40,19,55035,636,giplz,636,43.074863,-78.991112,1596205696,2020-07-31 10:28:16
1704,40,19,55035,636,giplz,636,43.065956,-78.990959,1596205756,2020-07-31 10:29:16
1704,40,19,55035,635,giplz,636,43.051628,-78.990662,1596205815,2020-07-31 10:30:15
1704,40,19,55035,635,giplz,636,43.048576,-78.989769,1596205875,2020-07-31 10:31:15
1704,40,19,55035,635,giplz,636,43.043324,-78.98333,1596205935,2020-07-31 10:32:15
1704,40,19,55035,635,giplz,636,43.032597,-78.973167,1596206053,2020-07-31 10:34:13
1704,40,19,55035,648,ngvln,648,43.026466,-78.967361,1596206128,2020-07-31 10:35:28
1704,40,19,55035,648,ngvln,648,43.022038,-78.963158,1596206170,2020-07-31 10:36:10
1704,40,19,55035,648,ngvln,648,43.017639,-78.958984,1596206229,2020-07-31 10:37:09
1704,40,19,55035,648,ngvln,648,43.009911,-78.951691,1596206288,2020-07-31 10:38:08
1704,40,19,55035,648,ngvln,648,42.998882,-78.93792,1596206406,2020-07-31 10:40:06
1704,40,19,55035,648,ngvln,648,42.994015,-78.930367,1596206465,2020-07-31 10:41:05
1704,40,19,55035,648,ngvln,648,42.982849,-78.935425,1596206583,2020-07-31 10:43:03
1704,40,19,55035,647,ngvln,648,42.974079,-78.930733,1596206643,2020-07-31 10:44:03
1704,40,19,55035,647,ngvln,648,42.961399,-78.918564,1596206762,2020-07-31 10:46:02
1704,40,19,55035,648,ngvln,648,42.956837,-78.912537,1596206821,2020-07-31 10:47:01
1704,40,19,55035,651,brrtc,651,42.9515,-78.908958,1596206939,2020-07-31 10:48:59
1704,40,19,55035,650,brrtc,651,42.946163,-78.90773,1596206997,2020-07-31 10:49:57
1704,40,19,55035,673,tcbfl,673,42.943855,-78.907173,1596207056,2020-07-31 10:50:56
1704,40,19,55035,673,tcbfl,673,42.940968,-78.905647,1596207116,2020-07-31 10:51:56
1704,40,19,55035,673,tcbfl,673,42.93819,-78.904198,1596207175,2020-07-31 10:52:55
1704,40,19,55035,673,tcbfl,673,42.934559,-78.902412,1596207234,2020-07-31 10:53:54
1704,40,19,55035,673,tcbfl,673,42.930763,-78.899284,1596207293,2020-07-31 10:54:53
1704,40,19,55035,672,tcbfl,673,42.926861,-78.897758,1596207351,2020-07-31 10:55:51
1704,40,19,55035,672,tcbfl,673,42.923038,-78.898239,1596207410,2020-07-31 10:56:50
1704,40,19,55035,673,tcbfl,673,42.921967,-78.898392,1596207469,2020-07-31 10:57:49
1704,40,19,55035,672,tcbfl,673,42.917648,-78.899132,1596207529,2020-07-31 10:58:49
1704,40,19,55035,672,tcbfl,673,42.913963,-78.899582,1596207588,2020-07-31 10:59:48
1704,40,19,55035,673,tcbfl,673,42.91135,-78.899918,1596207648,2020-07-31 11:00:48
1704,40,19,55035,672,tcbfl,673,42.902523,-78.89344,1596207766,2020-07-31 11:02:46
1704,40,19,55035,671,tcbfl,673,42.89925,-78.89035,1596207825,2020-07-31 11:03:45
1704,40,19,55035,671,tcbfl,673,42.893559,-78.885063,1596207942,2020-07-31 11:05:42
1704,40,19,55035,672,tcbfl,673,42.892017,-78.883614,1596208002,2020-07-31 11:06:42
1704,40,19,55035,671,tcbfl,673,42.887783,-78.879593,1596208061,2020-07-31 11:07:41
1704,40,19,55035,672,tcbfl,673,42.885914,-78.875725,1596208181,2020-07-31 11:09:41
1704,40,19,55035,672,tcbfl,673,42.884785,-78.875946,1596208240,2020-07-31 11:10:40
1704,40,19,55035,673,tcbfl,673,42.883518,-78.876282,1596208299,2020-07-31 11:11:39
1704,40,19,55035,673,tcbfl,673,42.882778,-78.874718,1596208358,2020-07-31 11:12:38
1704,40,19,55035,674,tcbfl,674,42.883381,-78.872406,1596208476,2020-07-31 11:14:36
1704,40,19,55035,674,tcbfl,674,42.882614,-78.873039,1596208535,2020-07-31 11:15:35
1704,40,19,55035,674,tcbfl,674,42.882061,-78.871849,1596208594,2020-07-31 11:16:34
1704,40,19,55035,674,tcbfl,674,42.878929,-78.875648,1596208653,2020-07-31 11:17:33
1704,40,19,55035,674,tcbfl,674,42.887947,-78.887375,1596208713,2020-07-31 11:18:33
1704,40,19,55035,674,tcbfl,674,42.899689,-78.898834,1596208772,2020-07-31 11:19:32
1704,40,19,55035,674,tcbfl,674,42.912971,-78.901443,1596208831,2020-07-31 11:20:31
1704,40,19,55035,674,tcbfl,674,42.935028,-78.900253,1596208949,2020-07-31 11:22:29
1704,40,19,55035,674,tcbfl,674,42.936127,-78.896004,1596209008,2020-07-31 11:23:28
1704,40,19,55035,674,tcbfl,674,42.940857,-78.892059,1596209126,2020-07-31 11:25:26
1704,40,19,55035,674,tcbfl,674,42.945614,-78.891243,1596209185,2020-07-31 11:26:25
1704,40,19,55035,674,tcbfl,674,42.956284,-78.889603,1596209304,2020-07-31 11:28:24
1704,55,19,55035,548,mlnfb,546,43.100414,-78.941154,1596200501,2020-07-31 09:01:41
1704,55,19,55035,548,mlnfb,546,43.099285,-78.942352,1596200545,2020-07-31 09:02:25
1704,55,19,55035,546,mlnfb,546,43.090569,-78.967285,1596200721,2020-07-31 09:05:21
1704,55,19,55035,549,nftc,550,43.097771,-78.975403,1596200839,2020-07-31 09:07:19
1704,55,19,55035,549,nftc,550,43.100742,-78.978455,1596200898,2020-07-31 09:08:18
1704,55,19,55035,560,nfb56,561,43.100552,-78.980614,1596200957,2020-07-31 09:09:17
1704,55,19,55035,560,nfb56,561,43.098816,-78.976669,1596201016,2020-07-31 09:10:16
1704,55,19,55035,560,nfb56,561,43.09494,-78.972946,1596201075,2020-07-31 09:11:15
1704,55,19,55035,560,nfb56,561,43.093647,-78.976555,1596201134,2020-07-31 09:12:14
1704,55,19,55035,560,nfb56,561,43.089771,-78.972763,1596201251,2020-07-31 09:14:11
1704,55,19,55035,560,nfb56,561,43.08823,-78.982063,1596201370,2020-07-31 09:16:10
1704,55,19,55035,560,nfb56,561,43.089359,-78.987907,1596201429,2020-07-31 09:17:09
1704,55,19,55035,561,nfb56,561,43.089386,-78.987984,1596201489,2020-07-31 09:18:09
1704,55,19,55035,561,nfb56,561,43.089714,-78.990288,1596201548,2020-07-31 09:19:08
1704,55,19,55035,565,pnhyd,565,43.092106,-79.004173,1596201665,2020-07-31 09:21:05
1704,55,19,55035,564,pnhyd,565,43.095131,-79.026695,1596201841,2020-07-31 09:24:01
1704,55,19,55035,574,casno,575,43.095161,-79.03302,1596201899,2020-07-31 09:24:59
1704,55,19,55035,573,casno,575,43.094528,-79.05629,1596202194,2020-07-31 09:29:54
1704,55,19,55035,573,casno,575,43.091942,-79.059227,1596202253,2020-07-31 09:30:53
1704,55,19,55035,585,prtc,586,43.084324,-79.059006,1596202398,2020-07-31 09:33:18
1704,55,19,55035,9999,prtc,586,43.084492,-79.061012,1596202431,2020-07-31 09:33:51
1704,55,19,55035,9999,prtc,586,43.083748,-79.059341,1596202489,2020-07-31 09:34:49
1704,55,19,55035,9999,prtc,586,43.088284,-79.059189,1596202578,2020-07-31 09:36:18
1704,55,19,55035,9999,prtc,586,43.090542,-79.059341,1596202607,2020-07-31 09:36:47
1704,55,19,55035,9999,prtc,586,43.093868,-79.05677,1596202666,2020-07-31 09:37:46
1704,55,19,55035,9999,prtc,586,43.094608,-79.051781,1596202725,2020-07-31 09:38:45
1704,55,19,55035,9999,prtc,586,43.09956,-79.051079,1596202844,2020-07-31 09:40:44
1704,55,19,55035,9999,prtc,586,43.099369,-79.051521,1596202911,2020-07-31 09:41:51
1704,55,19,55035,9999,prtc,586,43.099396,-79.051521,1596203023,2020-07-31 09:43:43
1704,55,19,55035,9999,prtc,586,43.099369,-79.051521,1596203206,2020-07-31 09:46:46
1704,55,19,55035,563,prtc,586,43.099369,-79.051521,1596203262,2020-07-31 09:47:42
1704,55,19,55035,565,prtc,586,43.099369,-79.051521,1596203381,2020-07-31 09:49:41
1704,55,19,55035,566,prtc,586,43.099369,-79.051521,1596203440,2020-07-31 09:50:40
1704,55,19,55035,568,prtc,586,43.099369,-79.051521,1596203557,2020-07-31 09:52:37
1704,55,19,55035,569,prtc,586,43.099369,-79.051521,1596203616,2020-07-31 09:53:36
1704,55,19,55035,570,prtc,586,43.099396,-79.051521,1596203675,2020-07-31 09:54:35
1704,55,19,55035,571,prtc,586,43.099396,-79.051521,1596203733,2020-07-31 09:55:33
1704,55,19,55035,572,prtc,586,43.099396,-79.051521,1596203792,2020-07-31 09:56:32
1704,55,19,55035,573,prtc,586,43.099396,-79.051521,1596203852,2020-07-31 09:57:32
1704,55,19,55035,575,prtc,586,43.099396,-79.051521,1596203967,2020-07-31 09:59:27
1704,55,19,55035,576,prtc,586,43.099396,-79.051559,1596204032,2020-07-31 10:00:32
1704,55,19,55035,577,prtc,586,43.099396,-79.051521,1596204100,2020-07-31 10:01:40
1704,55,19,55035,9999,prtc,586,43.099396,-79.051521,1596204100,2020-07-31 10:01:40
1704,55,19,55035,9999,prtc,586,43.099369,-79.051521,1596204212,2020-07-31 10:03:32
1704,55,19,55035,9999,prtc,586,43.099369,-79.051521,1596204271,2020-07-31 10:04:31
1704,55,19,55035,9999,prtc,586,43.099369,-79.051521,1596204400,2020-07-31 10:06:40
1704,55,19,55035,9999,prtc,586,43.099396,-79.051521,1596204449,2020-07-31 10:07:29
1704,55,19,55035,9999,prtc,586,43.099369,-79.051521,1596204568,2020-07-31 10:09:28
1704,55,19,55035,9999,prtc,586,43.099369,-79.051559,1596204628,2020-07-31 10:10:28
1704,55,19,55035,9999,prtc,586,43.099506,-79.0513,1596204687,2020-07-31 10:11:27
1704,55,19,55035,9999,prtc,586,43.09956,-79.051674,1596204747,2020-07-31 10:12:27
1704,55,20,55035,479,casno,474,43.099174,-79.051147,1596196286,2020-07-31 07:51:26
1704,55,20,55035,478,casno,474,43.094746,-79.050369,1596196396,2020-07-31 07:53:16
1704,55,20,55035,478,casno,474,43.094608,-79.054276,1596196456,2020-07-31 07:54:16
1704,55,20,55035,478,casno,474,43.093098,-79.057816,1596196516,2020-07-31 07:55:16
1704,55,20,55035,477,casno,474,43.085453,-79.059113,1596196635,2020-07-31 07:57:15
1704,55,20,55035,489,pnhyd,487,43.084518,-79.061798,1596196695,2020-07-31 07:58:15
1704,55,20,55035,489,pnhyd,487,43.086994,-79.059151,1596196754,2020-07-31 07:59:14
1704,55,20,55035,488,pnhyd,487,43.09164,-79.059448,1596196814,2020-07-31 08:00:14
1704,55,20,55035,487,pnhyd,487,43.094719,-79.048882,1596196933,2020-07-31 08:02:13
1704,55,20,55035,487,pnhyd,487,43.094967,-79.043671,1596196993,2020-07-31 08:03:13
1704,55,20,55035,487,pnhyd,487,43.095078,-79.03421,1596197111,2020-07-31 08:05:11
1704,55,20,55035,491,nfb56,491,43.095104,-79.02256,1596197203,2020-07-31 08:06:43
1704,55,20,55035,491,nfb56,491,43.09362,-79.010056,1596197289,2020-07-31 08:08:09
1704,55,20,55035,490,nfb56,491,43.090923,-79.000679,1596197348,2020-07-31 08:09:08
1704,55,20,55035,498,mlnfb,499,43.090073,-78.995056,1596197408,2020-07-31 08:10:08
1704,55,20,55035,497,mlnfb,499,43.089466,-78.989845,1596197467,2020-07-31 08:11:07
1704,55,20,55035,496,mlnfb,499,43.087982,-78.981506,1596197526,2020-07-31 08:12:06
1704,55,20,55035,497,mlnfb,499,43.087845,-78.980392,1596197585,2020-07-31 08:13:05
1704,55,20,55035,496,mlnfb,499,43.089111,-78.972275,1596197644,2020-07-31 08:14:04
1704,55,20,55035,496,mlnfb,499,43.089386,-78.970787,1596197703,2020-07-31 08:15:03
1704,55,20,55035,497,mlnfb,499,43.089413,-78.970787,1596197762,2020-07-31 08:16:02
1704,55,20,55035,498,mlnfb,499,43.089386,-78.970787,1596197822,2020-07-31 08:17:02
1704,55,20,55035,499,mlnfb,499,43.090431,-78.96788,1596197881,2020-07-31 08:18:01
1704,55,20,55035,501,nftc,502,43.096233,-78.973915,1596197941,2020-07-31 08:19:01
1704,55,20,55035,501,nftc,502,43.100716,-78.978416,1596198000,2020-07-31 08:20:00
1704,55,20,55035,518,nfia,518,43.100468,-78.980316,1596198120,2020-07-31 08:22:00
1704,55,20,55035,518,nfia,518,43.100769,-78.97879,1596198179,2020-07-31 08:22:59
1704,55,20,55035,517,nfia,518,43.09417,-78.975845,1596198296,2020-07-31 08:24:56
1704,55,20,55035,517,nfia,518,43.090816,-78.972763,1596198413,2020-07-31 08:26:53
1704,55,20,55035,515,nfia,518,43.095078,-78.953926,1596198590,2020-07-31 08:29:50
1704,55,20,55035,513,nfia,518,43.098351,-78.945213,1596198648,2020-07-31 08:30:48
1704,55,20,55035,533,nfia,539,43.100552,-78.940041,1596198720,2020-07-31 08:32:00
1704,55,20,55035,534,nfia,539,43.10165,-78.939629,1596198748,2020-07-31 08:32:28
1704,55,20,55035,535,nfia,539,43.10165,-78.939629,1596198826,2020-07-31 08:33:46
1704,55,20,55035,536,nfia,539,43.10165,-78.939629,1596198885,2020-07-31 08:34:45
1704,55,20,55035,537,nfia,539,43.10165,-78.939629,1596198944,2020-07-31 08:35:44
1704,55,20,55035,538,nfia,539,43.101677,-78.939629,1596199004,2020-07-31 08:36:44
1704,55,20,55035,539,nfia,539,43.10165,-78.939629,1596199063,2020-07-31 08:37:43
1704,55,20,55035,539,nfia,539,43.101624,-78.939629,1596199361,2020-07-31 08:42:41
1704,55,20,55035,539,nfia,539,43.10165,-78.939629,1596199420,2020-07-31 08:43:40
1704,55,20,55035,539,nfia,539,43.101624,-78.939629,1596199775,2020-07-31 08:49:35
1704,55,20,55035,539,nfia,539,43.10165,-78.939629,1596199834,2020-07-31 08:50:34
1704,55,20,55035,539,nfia,539,43.10165,-78.939667,1596200131,2020-07-31 08:55:31
1704,55,20,55035,539,nfia,539,43.10165,-78.939629,1596200190,2020-07-31 08:56:30
